{"Amazon Simple Storage Service":{"greenCost":120.09390795520001,"greyCost":0.5125976221,"greenPercent":99.57498343920473,"greyPercent":0.42501656079527095},"Amazon Lightsail":{"greenCost":18.487251391500003,"greyCost":3.9448202646,"greenPercent":82.41437382566814,"greyPercent":17.585626174331864},"Amazon CloudFront":{"greenCost":8.071398555999998,"greyCost":4.337630250700001,"greenPercent":65.04456296887643,"greyPercent":34.955437031123566},"Amazon Elastic Compute Cloud - Compute":{"greenCost":0.0061460028,"greyCost":0,"greenPercent":100,"greyPercent":0},"AWS Lambda":{"greenCost":0.0032532314,"greyCost":0,"greenPercent":100,"greyPercent":0},"EC2 - Other":{"greenCost":0.0008707538,"greyCost":0,"greenPercent":100,"greyPercent":0},"Tax":{"greenCost":0,"greyCost":48.16,"greenPercent":0,"greyPercent":100},"Amazon Route 53":{"greenCost":0,"greyCost":21.708082,"greenPercent":0,"greyPercent":100},"Amazon Registrar":{"greenCost":0,"greyCost":24,"greenPercent":0,"greyPercent":100},"Amazon EC2 Container Service":{"greenCost":0,"greyCost":49.8154058175,"greenPercent":0,"greyPercent":100}}